,Accuracy,Precision,Recall,F1-score,ROC-AUC
LogisticRegression,0.9594969250932553,0.9522911256321075,0.9594969250932553,0.9542708856849637,0.9968638269839704
RandomForest,0.9945054945054945,0.9940234084150065,0.9945054945054945,0.9938951474421882,0.9998933359403153
XGBoost,0.9949087609638069,0.9947166381462889,0.9949087609638069,0.994726049663785,0.9999646732206957
