name,silhouette,davies_bouldin,ari,n_clusters_found,n_noise
KMeans,0.3229421473381123,1.0744698794137115,0.1972543133350376,14,0
DBSCAN,0.39592351300834416,0.49885627948125916,-0.0014205667793581469,14,102
GaussianMixture,0.12269482096979752,1.5317331633500937,0.25336613538136854,14,0
